Date,Temperature,DewPoint,Humidity,Sea Level PressureIn,VisibilityMiles,WindSpeedMPH,Event
2016-01-01,38.0,23.0,52.0,30.03,10.0,8.0,Rain
2016-01-02,36.0,18.0,46.0,30.02,10.0,7.0,Sunny
2016-01-03,33.0,18.0,47.0,29.86,10.0,8.0,Snow
2016-01-06,33.0,18.0,35.0,29.94,10.0,4.0,Rain
2016-01-07,39.0,11.0,33.0,30.28,10.0,2.0,Cloudy
2016-01-08,39.0,29.0,49.63636363636363,30.2,10.0,4.0,Sunny
2016-01-09,44.0,38.0,77.0,30.16,10.0,8.0,Rain
2016-01-10,33.0,46.0,49.63636363636363,29.94,4.0,8.0,Snow
2016-01-11,33.0,8.0,37.0,29.92,10.0,8.0,Rain
2016-01-12,35.0,8.0,53.0,29.85,10.0,6.0,Rain
2016-01-13,26.0,4.0,49.63636363636363,29.94,10.0,10.0,Rain
2016-01-14,36.0,12.0,47.0,29.94,10.0,10.0,Rain
2016-01-17,36.0,23.0,66.0,29.78,8.0,6.0,Snow
2016-01-18,25.0,6.0,53.0,29.83,9.0,6.0,Sunny
